Maze Size,Algorithm,Avg Path Length,Avg Cells Explored,Avg Time (s)
20x20,DFS,78.67,168.67,0.006320
20x20,BFS,77.33,136.33,0.000855
20x20,A*,77.33,126.00,0.000756
20x20,GA,73.00,18866.67,21.490792
30x30,DFS,106.67,334.33,0.001659
30x30,BFS,106.00,271.67,0.003468
30x30,A*,106.00,208.33,0.001951
30x30,GA,124.67,1633.33,4.859792
